Timestamp,Device,Room,Voltage (V),Usage (kWh),Cost (INR),Date,Hour
2024-01-01 00:00:00,Heater,Kitchen,234.9,0.784,5.1,2024-01-01,0
2024-01-01 01:00:00,Lights,Bathroom,245.8,0.267,1.74,2024-01-01,1
2024-01-01 02:00:00,Fan,Living Room,228.8,1.88,12.22,2024-01-01,2
2024-01-01 03:00:00,Heater,Living Room,231.1,1.152,7.49,2024-01-01,3
2024-01-01 04:00:00,Washing Machine,Living Room,224.1,0.68,4.42,2024-01-01,4
2024-01-01 05:00:00,Computer,Kitchen,235.9,0.854,5.55,2024-01-01,5
2024-01-01 06:00:00,Fan,Kitchen,226.8,0.95,6.18,2024-01-01,6
2024-01-01 07:00:00,Fan,Living Room,226.8,1.241,8.07,2024-01-01,7
2024-01-01 08:00:00,Heater,Bathroom,235.4,1.08,7.02,2024-01-01,8
2024-01-01 09:00:00,Refrigerator,Kitchen,240.3,1.847,12.01,2024-01-01,9
2024-01-01 10:00:00,Washing Machine,Living Room,207.9,1.044,6.79,2024-01-01,10
2024-01-01 11:00:00,Heater,Living Room,233.6,1.985,12.9,2024-01-01,11
2024-01-01 12:00:00,Washing Machine,Bathroom,227.3,1.718,11.17,2024-01-01,12
2024-01-01 13:00:00,Washing Machine,Bedroom,239.5,0.496,3.22,2024-01-01,13
2024-01-01 14:00:00,Computer,Kitchen,227.5,1.868,12.14,2024-01-01,14
2024-01-01 15:00:00,Fan,Bathroom,243.0,0.321,2.09,2024-01-01,15
2024-01-01 16:00:00,Lights,Living Room,223.2,1.653,10.74,2024-01-01,16
2024-01-01 17:00:00,Computer,Living Room,207.7,0.823,5.35,2024-01-01,17
2024-01-01 18:00:00,Computer,Bathroom,240.5,1.768,11.49,2024-01-01,18
2024-01-01 19:00:00,Washing Machine,Kitchen,221.6,1.749,11.37,2024-01-01,19
2024-01-01 20:00:00,TV,Bedroom,214.2,1.631,10.6,2024-01-01,20
2024-01-01 21:00:00,Fan,Bedroom,230.2,1.601,10.41,2024-01-01,21
2024-01-01 22:00:00,Refrigerator,Living Room,227.6,0.679,4.41,2024-01-01,22
2024-01-01 23:00:00,Computer,Kitchen,238.2,0.254,1.65,2024-01-01,23
2024-01-02 00:00:00,Lights,Bedroom,238.9,0.866,5.63,2024-01-02,0
2024-01-02 01:00:00,TV,Kitchen,231.0,0.43,2.8,2024-01-02,1
2024-01-02 02:00:00,TV,Kitchen,221.2,1.42,9.23,2024-01-02,2
2024-01-02 03:00:00,Refrigerator,Living Room,232.9,0.758,4.93,2024-01-02,3
2024-01-02 04:00:00,Computer,Bedroom,231.7,1.954,12.7,2024-01-02,4
2024-01-02 05:00:00,Lights,Bathroom,235.7,1.318,8.57,2024-01-02,5
2024-01-02 06:00:00,Fan,Living Room,221.3,1.663,10.81,2024-01-02,6
2024-01-02 07:00:00,Air Conditioner,Bedroom,226.0,0.352,2.29,2024-01-02,7
2024-01-02 08:00:00,Lights,Bedroom,235.1,1.738,11.3,2024-01-02,8
2024-01-02 09:00:00,Refrigerator,Bedroom,242.5,1.853,12.04,2024-01-02,9
2024-01-02 10:00:00,TV,Bedroom,239.7,1.025,6.66,2024-01-02,10
2024-01-02 11:00:00,Fan,Bedroom,230.8,1.252,8.14,2024-01-02,11
2024-01-02 12:00:00,Lights,Kitchen,225.1,1.553,10.09,2024-01-02,12
2024-01-02 13:00:00,Air Conditioner,Living Room,234.0,0.432,2.81,2024-01-02,13
2024-01-02 14:00:00,Air Conditioner,Kitchen,219.1,1.055,6.86,2024-01-02,14
2024-01-02 15:00:00,Washing Machine,Bathroom,221.8,0.857,5.57,2024-01-02,15
2024-01-02 16:00:00,Washing Machine,Bedroom,245.1,0.378,2.46,2024-01-02,16
2024-01-02 17:00:00,Heater,Living Room,234.0,0.798,5.19,2024-01-02,17
2024-01-02 18:00:00,Refrigerator,Bedroom,226.5,0.23,1.5,2024-01-02,18
2024-01-02 19:00:00,Computer,Living Room,238.3,0.149,0.97,2024-01-02,19
2024-01-02 20:00:00,Lights,Kitchen,242.9,0.357,2.32,2024-01-02,20
2024-01-02 21:00:00,Lights,Living Room,225.6,1.93,12.54,2024-01-02,21
2024-01-02 22:00:00,Computer,Bathroom,225.7,1.144,7.44,2024-01-02,22
2024-01-02 23:00:00,Heater,Bathroom,224.5,1.935,12.58,2024-01-02,23
2024-01-03 00:00:00,TV,Living Room,239.6,0.922,5.99,2024-01-03,0
2024-01-03 01:00:00,TV,Living Room,239.7,0.692,4.5,2024-01-03,1
2024-01-03 02:00:00,Heater,Living Room,243.9,1.062,6.9,2024-01-03,2
2024-01-03 03:00:00,TV,Living Room,240.1,0.935,6.08,2024-01-03,3
2024-01-03 04:00:00,Washing Machine,Bathroom,213.7,0.301,1.96,2024-01-03,4
2024-01-03 05:00:00,Lights,Bedroom,232.8,1.318,8.57,2024-01-03,5
2024-01-03 06:00:00,Heater,Living Room,219.4,0.51,3.32,2024-01-03,6
2024-01-03 07:00:00,Lights,Living Room,224.9,1.277,8.3,2024-01-03,7
2024-01-03 08:00:00,Computer,Bathroom,231.7,1.335,8.68,2024-01-03,8
2024-01-03 09:00:00,Air Conditioner,Bathroom,238.4,0.389,2.53,2024-01-03,9
2024-01-03 10:00:00,Washing Machine,Kitchen,221.1,0.217,1.41,2024-01-03,10
2024-01-03 11:00:00,Fan,Living Room,206.8,1.583,10.29,2024-01-03,11
2024-01-03 12:00:00,Washing Machine,Kitchen,231.8,0.974,6.33,2024-01-03,12
2024-01-03 13:00:00,Heater,Bathroom,256.4,0.211,1.37,2024-01-03,13
2024-01-03 14:00:00,Fan,Bathroom,228.0,1.99,12.94,2024-01-03,14
2024-01-03 15:00:00,Air Conditioner,Bedroom,230.5,0.21,1.36,2024-01-03,15
2024-01-03 16:00:00,Heater,Living Room,247.8,1.421,9.24,2024-01-03,16
2024-01-03 17:00:00,Refrigerator,Kitchen,235.9,1.969,12.8,2024-01-03,17
2024-01-03 18:00:00,Lights,Bathroom,232.2,0.554,3.6,2024-01-03,18
2024-01-03 19:00:00,Air Conditioner,Bathroom,234.4,0.37,2.4,2024-01-03,19
2024-01-03 20:00:00,Lights,Kitchen,232.5,0.331,2.15,2024-01-03,20
2024-01-03 21:00:00,TV,Bedroom,218.6,0.676,4.39,2024-01-03,21
2024-01-03 22:00:00,Refrigerator,Bathroom,216.6,0.292,1.9,2024-01-03,22
2024-01-03 23:00:00,Refrigerator,Living Room,248.9,1.415,9.2,2024-01-03,23
2024-01-04 00:00:00,Air Conditioner,Bathroom,231.8,0.218,1.42,2024-01-04,0
2024-01-04 01:00:00,Refrigerator,Living Room,231.0,1.068,6.94,2024-01-04,1
2024-01-04 02:00:00,Fan,Kitchen,229.1,1.994,12.96,2024-01-04,2
2024-01-04 03:00:00,Refrigerator,Living Room,237.8,1.647,10.71,2024-01-04,3
2024-01-04 04:00:00,Lights,Kitchen,255.4,1.269,8.25,2024-01-04,4
2024-01-04 05:00:00,Lights,Living Room,235.2,0.682,4.43,2024-01-04,5
2024-01-04 06:00:00,Heater,Kitchen,224.1,1.285,8.35,2024-01-04,6
2024-01-04 07:00:00,Lights,Living Room,228.7,1.101,7.16,2024-01-04,7
2024-01-04 08:00:00,Heater,Bedroom,240.7,0.91,5.92,2024-01-04,8
2024-01-04 09:00:00,Lights,Living Room,224.2,0.348,2.26,2024-01-04,9
2024-01-04 10:00:00,Fan,Living Room,238.5,1.785,11.6,2024-01-04,10
2024-01-04 11:00:00,Computer,Bedroom,206.8,0.955,6.21,2024-01-04,11
2024-01-04 12:00:00,Heater,Bathroom,227.7,0.47,3.06,2024-01-04,12
2024-01-04 13:00:00,Washing Machine,Bathroom,236.3,0.799,5.19,2024-01-04,13
2024-01-04 14:00:00,TV,Living Room,242.7,0.887,5.77,2024-01-04,14
2024-01-04 15:00:00,Air Conditioner,Bedroom,221.8,1.672,10.87,2024-01-04,15
2024-01-04 16:00:00,Lights,Living Room,215.0,1.494,9.71,2024-01-04,16
2024-01-04 17:00:00,Refrigerator,Kitchen,227.4,1.562,10.15,2024-01-04,17
2024-01-04 18:00:00,Computer,Kitchen,218.7,0.121,0.79,2024-01-04,18
2024-01-04 19:00:00,Lights,Living Room,228.5,0.891,5.79,2024-01-04,19
2024-01-04 20:00:00,Refrigerator,Bathroom,229.9,1.015,6.6,2024-01-04,20
2024-01-04 21:00:00,TV,Bathroom,216.8,0.136,0.88,2024-01-04,21
2024-01-04 22:00:00,TV,Living Room,238.0,0.594,3.86,2024-01-04,22
2024-01-04 23:00:00,TV,Living Room,228.4,1.545,10.04,2024-01-04,23
2024-01-05 00:00:00,Refrigerator,Kitchen,240.8,0.361,2.35,2024-01-05,0
2024-01-05 01:00:00,Lights,Bathroom,211.6,1.117,7.26,2024-01-05,1
2024-01-05 02:00:00,TV,Living Room,219.8,0.509,3.31,2024-01-05,2
2024-01-05 03:00:00,Fan,Kitchen,235.2,0.123,0.8,2024-01-05,3
2024-01-05 04:00:00,Heater,Bathroom,222.0,0.558,3.63,2024-01-05,4
2024-01-05 05:00:00,Refrigerator,Bedroom,228.4,1.954,12.7,2024-01-05,5
2024-01-05 06:00:00,Refrigerator,Kitchen,230.0,1.623,10.55,2024-01-05,6
2024-01-05 07:00:00,Lights,Bathroom,231.6,1.923,12.5,2024-01-05,7
2024-01-05 08:00:00,Refrigerator,Bathroom,223.2,1.027,6.68,2024-01-05,8
2024-01-05 09:00:00,Refrigerator,Kitchen,231.5,0.308,2.0,2024-01-05,9
2024-01-05 10:00:00,TV,Bedroom,222.2,1.141,7.42,2024-01-05,10
2024-01-05 11:00:00,Lights,Kitchen,236.7,0.963,6.26,2024-01-05,11
2024-01-05 12:00:00,TV,Bathroom,228.9,1.704,11.08,2024-01-05,12
2024-01-05 13:00:00,Heater,Living Room,231.6,0.286,1.86,2024-01-05,13
2024-01-05 14:00:00,Computer,Living Room,255.7,1.028,6.68,2024-01-05,14
2024-01-05 15:00:00,Heater,Kitchen,218.9,0.385,2.5,2024-01-05,15
2024-01-05 16:00:00,Computer,Bathroom,243.9,0.717,4.66,2024-01-05,16
2024-01-05 17:00:00,TV,Living Room,203.4,1.501,9.76,2024-01-05,17
2024-01-05 18:00:00,Heater,Bathroom,209.2,1.004,6.53,2024-01-05,18
2024-01-05 19:00:00,Lights,Kitchen,217.6,0.814,5.29,2024-01-05,19
2024-01-05 20:00:00,Air Conditioner,Living Room,218.2,0.85,5.52,2024-01-05,20
2024-01-05 21:00:00,TV,Bathroom,232.0,0.973,6.32,2024-01-05,21
2024-01-05 22:00:00,Computer,Living Room,232.9,1.592,10.35,2024-01-05,22
2024-01-05 23:00:00,Fan,Kitchen,227.5,1.795,11.67,2024-01-05,23
2024-01-06 00:00:00,Computer,Bathroom,228.5,1.915,12.45,2024-01-06,0
2024-01-06 01:00:00,Fan,Living Room,235.3,1.595,10.37,2024-01-06,1
2024-01-06 02:00:00,Refrigerator,Kitchen,238.3,0.699,4.54,2024-01-06,2
2024-01-06 03:00:00,Heater,Living Room,216.7,1.407,9.15,2024-01-06,3
2024-01-06 04:00:00,Fan,Living Room,226.4,0.931,6.05,2024-01-06,4
2024-01-06 05:00:00,Computer,Bedroom,229.3,0.584,3.8,2024-01-06,5
2024-01-06 06:00:00,Refrigerator,Bedroom,234.9,1.698,11.04,2024-01-06,6
2024-01-06 07:00:00,Air Conditioner,Kitchen,222.3,0.173,1.12,2024-01-06,7
2024-01-06 08:00:00,Lights,Bedroom,229.1,1.813,11.78,2024-01-06,8
2024-01-06 09:00:00,Lights,Kitchen,230.3,0.977,6.35,2024-01-06,9
2024-01-06 10:00:00,Lights,Bedroom,223.0,1.311,8.52,2024-01-06,10
2024-01-06 11:00:00,Fan,Living Room,222.7,1.353,8.79,2024-01-06,11
2024-01-06 12:00:00,Air Conditioner,Kitchen,231.0,1.801,11.71,2024-01-06,12
2024-01-06 13:00:00,Fan,Kitchen,228.7,1.31,8.52,2024-01-06,13
2024-01-06 14:00:00,Heater,Living Room,235.0,1.266,8.23,2024-01-06,14
2024-01-06 15:00:00,Fan,Kitchen,219.5,0.227,1.48,2024-01-06,15
2024-01-06 16:00:00,Air Conditioner,Kitchen,226.5,1.085,7.05,2024-01-06,16
2024-01-06 17:00:00,Air Conditioner,Bedroom,227.7,0.385,2.5,2024-01-06,17
2024-01-06 18:00:00,Heater,Kitchen,238.1,1.501,9.76,2024-01-06,18
2024-01-06 19:00:00,Air Conditioner,Bathroom,220.6,1.073,6.97,2024-01-06,19
2024-01-06 20:00:00,Computer,Living Room,232.3,1.392,9.05,2024-01-06,20
2024-01-06 21:00:00,Air Conditioner,Bedroom,232.5,0.179,1.16,2024-01-06,21
2024-01-06 22:00:00,Lights,Bedroom,246.5,0.261,1.7,2024-01-06,22
2024-01-06 23:00:00,Computer,Bathroom,219.9,1.461,9.5,2024-01-06,23
2024-01-07 00:00:00,Computer,Living Room,223.4,0.237,1.54,2024-01-07,0
2024-01-07 01:00:00,Heater,Living Room,220.6,0.235,1.53,2024-01-07,1
2024-01-07 02:00:00,Washing Machine,Bedroom,213.3,0.123,0.8,2024-01-07,2
2024-01-07 03:00:00,Washing Machine,Kitchen,247.6,1.917,12.46,2024-01-07,3
2024-01-07 04:00:00,Air Conditioner,Bedroom,217.6,1.501,9.76,2024-01-07,4
2024-01-07 05:00:00,Computer,Living Room,221.8,0.771,5.01,2024-01-07,5
2024-01-07 06:00:00,Washing Machine,Bathroom,243.2,0.663,4.31,2024-01-07,6
2024-01-07 07:00:00,Washing Machine,Bedroom,212.5,0.764,4.97,2024-01-07,7
2024-01-07 08:00:00,Air Conditioner,Living Room,237.6,1.572,10.22,2024-01-07,8
2024-01-07 09:00:00,Washing Machine,Bedroom,215.9,1.357,8.82,2024-01-07,9
2024-01-07 10:00:00,Fan,Kitchen,242.5,0.452,2.94,2024-01-07,10
2024-01-07 11:00:00,Refrigerator,Bedroom,208.3,0.431,2.8,2024-01-07,11
2024-01-07 12:00:00,Heater,Bedroom,212.5,0.287,1.87,2024-01-07,12
2024-01-07 13:00:00,Refrigerator,Living Room,224.6,1.355,8.81,2024-01-07,13
2024-01-07 14:00:00,Air Conditioner,Living Room,239.7,1.552,10.09,2024-01-07,14
2024-01-07 15:00:00,Lights,Living Room,229.7,0.604,3.93,2024-01-07,15
2024-01-07 16:00:00,Heater,Bedroom,226.6,0.14,0.91,2024-01-07,16
2024-01-07 17:00:00,Air Conditioner,Kitchen,243.5,0.256,1.66,2024-01-07,17
2024-01-07 18:00:00,Computer,Bathroom,251.6,1.939,12.6,2024-01-07,18
2024-01-07 19:00:00,Lights,Bathroom,236.7,0.661,4.3,2024-01-07,19
2024-01-07 20:00:00,Refrigerator,Living Room,223.8,1.562,10.15,2024-01-07,20
2024-01-07 21:00:00,Air Conditioner,Living Room,225.8,1.287,8.37,2024-01-07,21
2024-01-07 22:00:00,Computer,Bedroom,217.1,0.826,5.37,2024-01-07,22
2024-01-07 23:00:00,Heater,Bathroom,231.0,0.491,3.19,2024-01-07,23
2024-01-08 00:00:00,Heater,Living Room,213.7,0.331,2.15,2024-01-08,0
2024-01-08 01:00:00,TV,Kitchen,235.5,1.269,8.25,2024-01-08,1
2024-01-08 02:00:00,Computer,Kitchen,250.1,1.572,10.22,2024-01-08,2
2024-01-08 03:00:00,Fan,Living Room,237.2,1.323,8.6,2024-01-08,3
2024-01-08 04:00:00,Washing Machine,Living Room,225.3,1.108,7.2,2024-01-08,4
2024-01-08 05:00:00,Lights,Bathroom,235.3,0.18,1.17,2024-01-08,5
2024-01-08 06:00:00,Computer,Bathroom,246.2,1.94,12.61,2024-01-08,6
2024-01-08 07:00:00,TV,Bedroom,245.7,1.618,10.52,2024-01-08,7
2024-01-08 08:00:00,Washing Machine,Bathroom,220.0,0.656,4.26,2024-01-08,8
2024-01-08 09:00:00,Washing Machine,Kitchen,235.1,1.962,12.75,2024-01-08,9
2024-01-08 10:00:00,Air Conditioner,Kitchen,228.4,1.244,8.09,2024-01-08,10
2024-01-08 11:00:00,Washing Machine,Living Room,238.1,1.207,7.85,2024-01-08,11
2024-01-08 12:00:00,Fan,Bathroom,233.8,1.521,9.89,2024-01-08,12
2024-01-08 13:00:00,Heater,Bedroom,206.3,1.642,10.67,2024-01-08,13
2024-01-08 14:00:00,TV,Kitchen,226.5,1.347,8.76,2024-01-08,14
2024-01-08 15:00:00,Washing Machine,Kitchen,232.0,0.343,2.23,2024-01-08,15
2024-01-08 16:00:00,Air Conditioner,Bedroom,215.7,0.743,4.83,2024-01-08,16
2024-01-08 17:00:00,Fan,Bedroom,235.8,1.863,12.11,2024-01-08,17
2024-01-08 18:00:00,Refrigerator,Kitchen,214.8,0.527,3.43,2024-01-08,18
2024-01-08 19:00:00,Heater,Kitchen,222.0,0.807,5.25,2024-01-08,19
2024-01-08 20:00:00,Heater,Bedroom,243.4,0.921,5.99,2024-01-08,20
2024-01-08 21:00:00,TV,Kitchen,221.2,0.935,6.08,2024-01-08,21
2024-01-08 22:00:00,Heater,Living Room,235.7,1.265,8.22,2024-01-08,22
2024-01-08 23:00:00,Washing Machine,Living Room,212.5,1.892,12.3,2024-01-08,23
2024-01-09 00:00:00,Air Conditioner,Bedroom,250.8,0.557,3.62,2024-01-09,0
2024-01-09 01:00:00,Heater,Bathroom,227.0,0.331,2.15,2024-01-09,1
2024-01-09 02:00:00,Heater,Bedroom,231.0,0.475,3.09,2024-01-09,2
2024-01-09 03:00:00,Refrigerator,Bedroom,231.8,1.785,11.6,2024-01-09,3
2024-01-09 04:00:00,Refrigerator,Bathroom,236.1,1.327,8.63,2024-01-09,4
2024-01-09 05:00:00,Lights,Bathroom,214.8,0.643,4.18,2024-01-09,5
2024-01-09 06:00:00,Fan,Bathroom,229.9,1.65,10.72,2024-01-09,6
2024-01-09 07:00:00,Washing Machine,Living Room,223.4,1.737,11.29,2024-01-09,7
2024-01-09 08:00:00,Heater,Kitchen,213.1,1.708,11.1,2024-01-09,8
2024-01-09 09:00:00,Computer,Living Room,239.9,1.846,12.0,2024-01-09,9
2024-01-09 10:00:00,Heater,Kitchen,226.5,0.579,3.76,2024-01-09,10
2024-01-09 11:00:00,Air Conditioner,Living Room,232.4,1.535,9.98,2024-01-09,11
2024-01-09 12:00:00,Lights,Kitchen,231.8,0.975,6.34,2024-01-09,12
2024-01-09 13:00:00,Fan,Living Room,226.7,1.7,11.05,2024-01-09,13
2024-01-09 14:00:00,Computer,Bathroom,249.8,1.484,9.65,2024-01-09,14
2024-01-09 15:00:00,Lights,Bedroom,229.5,1.575,10.24,2024-01-09,15
2024-01-09 16:00:00,TV,Living Room,214.4,1.347,8.76,2024-01-09,16
2024-01-09 17:00:00,Fan,Kitchen,226.0,0.437,2.84,2024-01-09,17
2024-01-09 18:00:00,Heater,Bathroom,235.0,1.136,7.38,2024-01-09,18
2024-01-09 19:00:00,Heater,Living Room,235.3,1.971,12.81,2024-01-09,19
2024-01-09 20:00:00,Fan,Living Room,219.1,1.881,12.23,2024-01-09,20
2024-01-09 21:00:00,Heater,Bathroom,239.3,0.182,1.18,2024-01-09,21
2024-01-09 22:00:00,Washing Machine,Living Room,212.4,0.413,2.68,2024-01-09,22
2024-01-09 23:00:00,Fan,Bedroom,241.4,0.35,2.28,2024-01-09,23
2024-01-10 00:00:00,Lights,Living Room,216.8,1.479,9.61,2024-01-10,0
2024-01-10 01:00:00,Fan,Bedroom,227.7,1.654,10.75,2024-01-10,1
2024-01-10 02:00:00,Computer,Bedroom,240.6,0.506,3.29,2024-01-10,2
2024-01-10 03:00:00,Heater,Bathroom,231.2,1.061,6.9,2024-01-10,3
2024-01-10 04:00:00,Washing Machine,Living Room,238.2,1.697,11.03,2024-01-10,4
2024-01-10 05:00:00,Washing Machine,Bathroom,236.2,1.492,9.7,2024-01-10,5
2024-01-10 06:00:00,TV,Living Room,242.9,1.13,7.34,2024-01-10,6
2024-01-10 07:00:00,Lights,Living Room,240.6,1.222,7.94,2024-01-10,7
2024-01-10 08:00:00,Refrigerator,Kitchen,225.5,1.066,6.93,2024-01-10,8
2024-01-10 09:00:00,Refrigerator,Living Room,236.3,0.665,4.32,2024-01-10,9
2024-01-10 10:00:00,Fan,Bathroom,214.7,1.174,7.63,2024-01-10,10
2024-01-10 11:00:00,TV,Bedroom,229.4,1.409,9.16,2024-01-10,11
2024-01-10 12:00:00,Air Conditioner,Living Room,238.2,1.759,11.43,2024-01-10,12
2024-01-10 13:00:00,Fan,Kitchen,231.3,1.309,8.51,2024-01-10,13
2024-01-10 14:00:00,TV,Bathroom,234.5,1.546,10.05,2024-01-10,14
2024-01-10 15:00:00,Lights,Living Room,227.9,0.404,2.63,2024-01-10,15
2024-01-10 16:00:00,Lights,Bathroom,241.3,0.977,6.35,2024-01-10,16
2024-01-10 17:00:00,Lights,Kitchen,229.2,0.118,0.77,2024-01-10,17
2024-01-10 18:00:00,Lights,Kitchen,225.3,0.569,3.7,2024-01-10,18
2024-01-10 19:00:00,Lights,Bathroom,238.9,1.48,9.62,2024-01-10,19
2024-01-10 20:00:00,TV,Living Room,215.9,1.984,12.9,2024-01-10,20
2024-01-10 21:00:00,TV,Bedroom,235.0,0.288,1.87,2024-01-10,21
2024-01-10 22:00:00,Washing Machine,Kitchen,219.6,0.863,5.61,2024-01-10,22
2024-01-10 23:00:00,Computer,Living Room,242.8,1.62,10.53,2024-01-10,23
2024-01-11 00:00:00,Refrigerator,Living Room,227.4,0.488,3.17,2024-01-11,0
2024-01-11 01:00:00,Heater,Bedroom,231.3,1.155,7.51,2024-01-11,1
2024-01-11 02:00:00,Lights,Kitchen,234.1,1.493,9.7,2024-01-11,2
2024-01-11 03:00:00,Air Conditioner,Kitchen,210.7,1.27,8.26,2024-01-11,3
2024-01-11 04:00:00,Heater,Living Room,223.5,0.457,2.97,2024-01-11,4
2024-01-11 05:00:00,TV,Living Room,240.4,0.775,5.04,2024-01-11,5
2024-01-11 06:00:00,Air Conditioner,Bedroom,238.7,1.589,10.33,2024-01-11,6
2024-01-11 07:00:00,Air Conditioner,Bedroom,232.8,1.153,7.49,2024-01-11,7
2024-01-11 08:00:00,Air Conditioner,Kitchen,216.5,0.11,0.72,2024-01-11,8
2024-01-11 09:00:00,Washing Machine,Bathroom,235.9,1.546,10.05,2024-01-11,9
2024-01-11 10:00:00,TV,Kitchen,237.1,0.167,1.09,2024-01-11,10
2024-01-11 11:00:00,Air Conditioner,Living Room,230.5,1.517,9.86,2024-01-11,11
2024-01-11 12:00:00,Lights,Kitchen,242.2,0.485,3.15,2024-01-11,12
2024-01-11 13:00:00,Fan,Bathroom,223.2,1.92,12.48,2024-01-11,13
2024-01-11 14:00:00,Air Conditioner,Bedroom,224.9,0.799,5.19,2024-01-11,14
2024-01-11 15:00:00,Washing Machine,Bathroom,205.2,0.721,4.69,2024-01-11,15
2024-01-11 16:00:00,Heater,Bathroom,239.2,0.383,2.49,2024-01-11,16
2024-01-11 17:00:00,TV,Bathroom,233.1,0.681,4.43,2024-01-11,17
2024-01-11 18:00:00,Computer,Bedroom,213.2,1.766,11.48,2024-01-11,18
2024-01-11 19:00:00,Washing Machine,Bathroom,212.4,1.993,12.95,2024-01-11,19
2024-01-11 20:00:00,Air Conditioner,Bathroom,221.3,0.8,5.2,2024-01-11,20
2024-01-11 21:00:00,TV,Bathroom,237.9,0.952,6.19,2024-01-11,21
2024-01-11 22:00:00,Fan,Living Room,227.0,1.472,9.57,2024-01-11,22
2024-01-11 23:00:00,Air Conditioner,Bathroom,222.0,1.784,11.6,2024-01-11,23
2024-01-12 00:00:00,Washing Machine,Bedroom,219.9,1.227,7.98,2024-01-12,0
2024-01-12 01:00:00,Refrigerator,Bathroom,219.5,0.844,5.49,2024-01-12,1
2024-01-12 02:00:00,Lights,Bathroom,210.7,0.884,5.75,2024-01-12,2
2024-01-12 03:00:00,Computer,Bedroom,217.9,1.422,9.24,2024-01-12,3
2024-01-12 04:00:00,Heater,Bathroom,219.3,0.106,0.69,2024-01-12,4
2024-01-12 05:00:00,Washing Machine,Bedroom,236.8,1.277,8.3,2024-01-12,5
2024-01-12 06:00:00,TV,Bathroom,228.3,0.775,5.04,2024-01-12,6
2024-01-12 07:00:00,Computer,Bedroom,221.7,1.609,10.46,2024-01-12,7
2024-01-12 08:00:00,Computer,Bathroom,253.1,0.277,1.8,2024-01-12,8
2024-01-12 09:00:00,Computer,Bathroom,223.4,1.218,7.92,2024-01-12,9
2024-01-12 10:00:00,Air Conditioner,Living Room,241.7,1.014,6.59,2024-01-12,10
2024-01-12 11:00:00,Lights,Living Room,246.2,1.32,8.58,2024-01-12,11
2024-01-12 12:00:00,Air Conditioner,Bathroom,214.3,0.223,1.45,2024-01-12,12
2024-01-12 13:00:00,TV,Bathroom,230.7,1.202,7.81,2024-01-12,13
2024-01-12 14:00:00,Air Conditioner,Kitchen,224.8,1.167,7.59,2024-01-12,14
2024-01-12 15:00:00,Refrigerator,Bedroom,224.0,1.165,7.57,2024-01-12,15
2024-01-12 16:00:00,Lights,Kitchen,235.6,1.247,8.11,2024-01-12,16
2024-01-12 17:00:00,Lights,Living Room,223.8,1.385,9.0,2024-01-12,17
2024-01-12 18:00:00,TV,Living Room,225.0,1.629,10.59,2024-01-12,18
2024-01-12 19:00:00,Heater,Living Room,228.3,0.613,3.98,2024-01-12,19
2024-01-12 20:00:00,Refrigerator,Living Room,226.3,1.668,10.84,2024-01-12,20
2024-01-12 21:00:00,Washing Machine,Bathroom,218.3,1.047,6.81,2024-01-12,21
2024-01-12 22:00:00,Air Conditioner,Living Room,238.0,0.246,1.6,2024-01-12,22
2024-01-12 23:00:00,Fan,Bathroom,240.5,0.211,1.37,2024-01-12,23
2024-01-13 00:00:00,Air Conditioner,Bathroom,233.4,0.735,4.78,2024-01-13,0
2024-01-13 01:00:00,Computer,Living Room,226.2,1.591,10.34,2024-01-13,1
2024-01-13 02:00:00,Air Conditioner,Living Room,222.9,1.445,9.39,2024-01-13,2
2024-01-13 03:00:00,Washing Machine,Bedroom,223.0,1.598,10.39,2024-01-13,3
2024-01-13 04:00:00,Air Conditioner,Kitchen,253.6,1.083,7.04,2024-01-13,4
2024-01-13 05:00:00,Refrigerator,Living Room,239.4,0.936,6.08,2024-01-13,5
2024-01-13 06:00:00,Refrigerator,Bedroom,221.6,0.38,2.47,2024-01-13,6
2024-01-13 07:00:00,Lights,Bedroom,231.6,0.724,4.71,2024-01-13,7
2024-01-13 08:00:00,TV,Kitchen,226.4,0.925,6.01,2024-01-13,8
2024-01-13 09:00:00,Heater,Bathroom,235.8,0.268,1.74,2024-01-13,9
2024-01-13 10:00:00,Fan,Living Room,235.4,0.519,3.37,2024-01-13,10
2024-01-13 11:00:00,Computer,Kitchen,240.8,1.237,8.04,2024-01-13,11
2024-01-13 12:00:00,Air Conditioner,Living Room,221.5,1.498,9.74,2024-01-13,12
2024-01-13 13:00:00,Air Conditioner,Bedroom,231.0,1.997,12.98,2024-01-13,13
2024-01-13 14:00:00,Washing Machine,Bedroom,212.5,1.873,12.17,2024-01-13,14
2024-01-13 15:00:00,TV,Bathroom,217.4,1.321,8.59,2024-01-13,15
2024-01-13 16:00:00,Refrigerator,Bedroom,238.8,0.9,5.85,2024-01-13,16
2024-01-13 17:00:00,Fan,Bedroom,220.5,1.309,8.51,2024-01-13,17
2024-01-13 18:00:00,Lights,Kitchen,221.6,1.593,10.35,2024-01-13,18
2024-01-13 19:00:00,Refrigerator,Living Room,229.9,0.325,2.11,2024-01-13,19
2024-01-13 20:00:00,Computer,Living Room,236.9,0.879,5.71,2024-01-13,20
2024-01-13 21:00:00,TV,Kitchen,219.4,1.696,11.02,2024-01-13,21
2024-01-13 22:00:00,Computer,Bathroom,195.2,0.829,5.39,2024-01-13,22
2024-01-13 23:00:00,Heater,Living Room,221.3,1.187,7.72,2024-01-13,23
2024-01-14 00:00:00,Lights,Bedroom,242.1,1.217,7.91,2024-01-14,0
2024-01-14 01:00:00,Heater,Living Room,233.4,0.451,2.93,2024-01-14,1
2024-01-14 02:00:00,Washing Machine,Bedroom,243.2,0.788,5.12,2024-01-14,2
2024-01-14 03:00:00,Computer,Bathroom,218.7,0.736,4.78,2024-01-14,3
2024-01-14 04:00:00,Washing Machine,Kitchen,213.6,0.15,0.98,2024-01-14,4
2024-01-14 05:00:00,Air Conditioner,Living Room,234.6,0.146,0.95,2024-01-14,5
2024-01-14 06:00:00,Heater,Kitchen,232.4,1.68,10.92,2024-01-14,6
2024-01-14 07:00:00,TV,Living Room,233.1,0.619,4.02,2024-01-14,7
2024-01-14 08:00:00,Computer,Bedroom,239.3,1.084,7.05,2024-01-14,8
2024-01-14 09:00:00,Fan,Kitchen,234.2,0.668,4.34,2024-01-14,9
2024-01-14 10:00:00,Lights,Living Room,234.1,1.887,12.27,2024-01-14,10
2024-01-14 11:00:00,Refrigerator,Bedroom,237.2,0.593,3.85,2024-01-14,11
2024-01-14 12:00:00,TV,Kitchen,235.0,0.916,5.95,2024-01-14,12
2024-01-14 13:00:00,TV,Kitchen,238.6,1.758,11.43,2024-01-14,13
2024-01-14 14:00:00,Washing Machine,Living Room,240.1,1.7,11.05,2024-01-14,14
2024-01-14 15:00:00,Heater,Living Room,245.3,0.454,2.95,2024-01-14,15
2024-01-14 16:00:00,Computer,Living Room,223.5,1.625,10.56,2024-01-14,16
2024-01-14 17:00:00,Computer,Bedroom,234.8,0.971,6.31,2024-01-14,17
2024-01-14 18:00:00,Air Conditioner,Living Room,226.3,1.018,6.62,2024-01-14,18
2024-01-14 19:00:00,Air Conditioner,Kitchen,221.7,0.354,2.3,2024-01-14,19
2024-01-14 20:00:00,Lights,Kitchen,223.1,0.253,1.64,2024-01-14,20
2024-01-14 21:00:00,Washing Machine,Living Room,234.9,1.483,9.64,2024-01-14,21
2024-01-14 22:00:00,TV,Living Room,234.2,1.043,6.78,2024-01-14,22
2024-01-14 23:00:00,Computer,Bathroom,234.0,0.93,6.04,2024-01-14,23
2024-01-15 00:00:00,Fan,Kitchen,227.7,1.486,9.66,2024-01-15,0
2024-01-15 01:00:00,Washing Machine,Bedroom,230.0,1.554,10.1,2024-01-15,1
2024-01-15 02:00:00,Lights,Bathroom,238.2,0.402,2.61,2024-01-15,2
2024-01-15 03:00:00,Lights,Living Room,215.1,1.259,8.18,2024-01-15,3
2024-01-15 04:00:00,Washing Machine,Living Room,230.2,0.357,2.32,2024-01-15,4
2024-01-15 05:00:00,Lights,Kitchen,230.9,1.528,9.93,2024-01-15,5
2024-01-15 06:00:00,Washing Machine,Living Room,237.5,1.348,8.76,2024-01-15,6
2024-01-15 07:00:00,Refrigerator,Bedroom,216.5,1.918,12.47,2024-01-15,7
2024-01-15 08:00:00,Washing Machine,Kitchen,245.0,0.231,1.5,2024-01-15,8
2024-01-15 09:00:00,Heater,Living Room,232.1,0.208,1.35,2024-01-15,9
2024-01-15 10:00:00,Washing Machine,Kitchen,232.7,0.636,4.13,2024-01-15,10
2024-01-15 11:00:00,Lights,Living Room,226.0,0.597,3.88,2024-01-15,11
2024-01-15 12:00:00,Computer,Living Room,235.4,0.569,3.7,2024-01-15,12
2024-01-15 13:00:00,Heater,Living Room,230.5,1.822,11.84,2024-01-15,13
2024-01-15 14:00:00,Lights,Bedroom,242.1,0.574,3.73,2024-01-15,14
2024-01-15 15:00:00,Air Conditioner,Bedroom,215.6,0.617,4.01,2024-01-15,15
2024-01-15 16:00:00,Air Conditioner,Kitchen,231.8,1.543,10.03,2024-01-15,16
2024-01-15 17:00:00,Computer,Living Room,234.1,0.955,6.21,2024-01-15,17
2024-01-15 18:00:00,Computer,Living Room,228.1,1.576,10.24,2024-01-15,18
2024-01-15 19:00:00,Heater,Bedroom,226.0,0.224,1.46,2024-01-15,19
2024-01-15 20:00:00,Refrigerator,Living Room,226.4,1.026,6.67,2024-01-15,20
2024-01-15 21:00:00,Computer,Bedroom,231.7,0.164,1.07,2024-01-15,21
2024-01-15 22:00:00,Air Conditioner,Living Room,211.9,0.219,1.42,2024-01-15,22
2024-01-15 23:00:00,Washing Machine,Kitchen,239.7,1.822,11.84,2024-01-15,23
2024-01-16 00:00:00,Lights,Living Room,225.2,0.365,2.37,2024-01-16,0
2024-01-16 01:00:00,Air Conditioner,Living Room,231.3,1.112,7.23,2024-01-16,1
2024-01-16 02:00:00,Air Conditioner,Bathroom,233.7,0.881,5.73,2024-01-16,2
2024-01-16 03:00:00,Refrigerator,Bedroom,224.7,0.76,4.94,2024-01-16,3
2024-01-16 04:00:00,Heater,Living Room,228.7,1.81,11.76,2024-01-16,4
2024-01-16 05:00:00,Heater,Living Room,209.6,0.141,0.92,2024-01-16,5
2024-01-16 06:00:00,TV,Bathroom,237.3,1.361,8.85,2024-01-16,6
2024-01-16 07:00:00,Refrigerator,Bathroom,240.8,1.93,12.54,2024-01-16,7
2024-01-16 08:00:00,Washing Machine,Bedroom,213.0,1.164,7.57,2024-01-16,8
2024-01-16 09:00:00,Heater,Bathroom,225.9,1.88,12.22,2024-01-16,9
2024-01-16 10:00:00,Lights,Kitchen,217.7,0.199,1.29,2024-01-16,10
2024-01-16 11:00:00,Computer,Bathroom,228.2,0.896,5.82,2024-01-16,11
2024-01-16 12:00:00,Refrigerator,Kitchen,236.5,0.594,3.86,2024-01-16,12
2024-01-16 13:00:00,Computer,Bedroom,239.9,1.489,9.68,2024-01-16,13
2024-01-16 14:00:00,Air Conditioner,Bedroom,241.2,1.964,12.77,2024-01-16,14
2024-01-16 15:00:00,Lights,Bedroom,243.1,0.587,3.82,2024-01-16,15
2024-01-16 16:00:00,Lights,Bedroom,227.8,1.343,8.73,2024-01-16,16
2024-01-16 17:00:00,Air Conditioner,Bedroom,218.5,0.476,3.09,2024-01-16,17
2024-01-16 18:00:00,Refrigerator,Kitchen,228.9,1.174,7.63,2024-01-16,18
2024-01-16 19:00:00,Air Conditioner,Kitchen,236.3,0.981,6.38,2024-01-16,19
2024-01-16 20:00:00,Computer,Bedroom,217.7,1.947,12.66,2024-01-16,20
2024-01-16 21:00:00,TV,Bathroom,246.6,1.256,8.16,2024-01-16,21
2024-01-16 22:00:00,Lights,Living Room,239.0,0.764,4.97,2024-01-16,22
2024-01-16 23:00:00,Fan,Bedroom,227.9,0.317,2.06,2024-01-16,23
2024-01-17 00:00:00,Fan,Bathroom,222.9,0.387,2.52,2024-01-17,0
2024-01-17 01:00:00,Computer,Living Room,223.3,0.528,3.43,2024-01-17,1
2024-01-17 02:00:00,Washing Machine,Bedroom,230.7,0.577,3.75,2024-01-17,2
2024-01-17 03:00:00,Heater,Bedroom,227.7,1.716,11.15,2024-01-17,3
2024-01-17 04:00:00,Air Conditioner,Kitchen,239.5,1.166,7.58,2024-01-17,4
2024-01-17 05:00:00,Air Conditioner,Living Room,226.6,1.094,7.11,2024-01-17,5
2024-01-17 06:00:00,Washing Machine,Living Room,235.1,0.318,2.07,2024-01-17,6
2024-01-17 07:00:00,Washing Machine,Bathroom,229.7,1.734,11.27,2024-01-17,7
2024-01-17 08:00:00,Computer,Kitchen,232.7,1.473,9.57,2024-01-17,8
2024-01-17 09:00:00,Computer,Kitchen,227.7,0.229,1.49,2024-01-17,9
2024-01-17 10:00:00,Washing Machine,Kitchen,237.1,1.445,9.39,2024-01-17,10
2024-01-17 11:00:00,Lights,Kitchen,237.2,1.133,7.36,2024-01-17,11
2024-01-17 12:00:00,Computer,Living Room,234.6,0.255,1.66,2024-01-17,12
2024-01-17 13:00:00,TV,Living Room,236.1,0.971,6.31,2024-01-17,13
2024-01-17 14:00:00,Computer,Bedroom,220.6,1.021,6.64,2024-01-17,14
2024-01-17 15:00:00,Air Conditioner,Bedroom,233.2,0.415,2.7,2024-01-17,15
2024-01-17 16:00:00,Computer,Kitchen,242.5,1.897,12.33,2024-01-17,16
2024-01-17 17:00:00,Lights,Kitchen,234.9,1.715,11.15,2024-01-17,17
2024-01-17 18:00:00,Washing Machine,Kitchen,219.7,1.371,8.91,2024-01-17,18
2024-01-17 19:00:00,Air Conditioner,Bedroom,229.5,0.978,6.36,2024-01-17,19
2024-01-17 20:00:00,Computer,Bathroom,233.7,0.882,5.73,2024-01-17,20
2024-01-17 21:00:00,Lights,Bathroom,222.4,1.337,8.69,2024-01-17,21
2024-01-17 22:00:00,TV,Bedroom,216.4,1.136,7.38,2024-01-17,22
2024-01-17 23:00:00,Computer,Bedroom,226.8,0.218,1.42,2024-01-17,23
2024-01-18 00:00:00,Lights,Bedroom,222.6,1.074,6.98,2024-01-18,0
2024-01-18 01:00:00,TV,Bedroom,229.9,1.632,10.61,2024-01-18,1
2024-01-18 02:00:00,Washing Machine,Bedroom,214.1,0.973,6.32,2024-01-18,2
2024-01-18 03:00:00,Computer,Bedroom,235.6,0.199,1.29,2024-01-18,3
2024-01-18 04:00:00,TV,Kitchen,223.7,1.594,10.36,2024-01-18,4
2024-01-18 05:00:00,Air Conditioner,Kitchen,240.0,0.483,3.14,2024-01-18,5
2024-01-18 06:00:00,Washing Machine,Kitchen,227.2,0.591,3.84,2024-01-18,6
2024-01-18 07:00:00,Air Conditioner,Kitchen,229.7,0.413,2.68,2024-01-18,7
2024-01-18 08:00:00,Fan,Bedroom,228.3,0.727,4.73,2024-01-18,8
2024-01-18 09:00:00,Refrigerator,Bathroom,223.1,1.538,10.0,2024-01-18,9
2024-01-18 10:00:00,Computer,Living Room,254.7,1.087,7.07,2024-01-18,10
2024-01-18 11:00:00,TV,Bedroom,225.0,0.489,3.18,2024-01-18,11
2024-01-18 12:00:00,Refrigerator,Living Room,240.2,1.768,11.49,2024-01-18,12
2024-01-18 13:00:00,Refrigerator,Bathroom,219.1,1.771,11.51,2024-01-18,13
2024-01-18 14:00:00,TV,Kitchen,233.7,1.754,11.4,2024-01-18,14
2024-01-18 15:00:00,Washing Machine,Bathroom,234.8,0.554,3.6,2024-01-18,15
2024-01-18 16:00:00,Computer,Bedroom,229.8,0.957,6.22,2024-01-18,16
2024-01-18 17:00:00,Fan,Kitchen,224.3,1.971,12.81,2024-01-18,17
2024-01-18 18:00:00,Air Conditioner,Bedroom,227.4,1.567,10.19,2024-01-18,18
2024-01-18 19:00:00,Lights,Kitchen,226.0,0.152,0.99,2024-01-18,19
2024-01-18 20:00:00,Air Conditioner,Living Room,254.0,0.224,1.46,2024-01-18,20
2024-01-18 21:00:00,Lights,Living Room,229.8,0.981,6.38,2024-01-18,21
2024-01-18 22:00:00,Air Conditioner,Living Room,235.2,1.828,11.88,2024-01-18,22
2024-01-18 23:00:00,TV,Bathroom,247.8,1.124,7.31,2024-01-18,23
2024-01-19 00:00:00,Fan,Bedroom,221.2,1.046,6.8,2024-01-19,0
2024-01-19 01:00:00,Computer,Bathroom,230.4,0.3,1.95,2024-01-19,1
2024-01-19 02:00:00,Lights,Living Room,227.3,1.348,8.76,2024-01-19,2
2024-01-19 03:00:00,Computer,Bedroom,229.1,1.662,10.8,2024-01-19,3
2024-01-19 04:00:00,Computer,Living Room,228.2,0.823,5.35,2024-01-19,4
2024-01-19 05:00:00,Computer,Bathroom,222.7,1.574,10.23,2024-01-19,5
2024-01-19 06:00:00,Heater,Bathroom,232.0,1.933,12.56,2024-01-19,6
2024-01-19 07:00:00,Washing Machine,Bathroom,219.4,0.487,3.17,2024-01-19,7
2024-01-19 08:00:00,Air Conditioner,Living Room,239.9,1.094,7.11,2024-01-19,8
2024-01-19 09:00:00,Computer,Bedroom,236.2,0.646,4.2,2024-01-19,9
2024-01-19 10:00:00,Air Conditioner,Bedroom,225.1,1.606,10.44,2024-01-19,10
2024-01-19 11:00:00,Computer,Living Room,225.6,1.197,7.78,2024-01-19,11
2024-01-19 12:00:00,Lights,Bedroom,232.8,1.306,8.49,2024-01-19,12
2024-01-19 13:00:00,Washing Machine,Living Room,222.0,1.616,10.5,2024-01-19,13
2024-01-19 14:00:00,Washing Machine,Bedroom,248.1,0.852,5.54,2024-01-19,14
2024-01-19 15:00:00,TV,Kitchen,233.6,1.839,11.95,2024-01-19,15
2024-01-19 16:00:00,Heater,Kitchen,233.9,1.113,7.23,2024-01-19,16
2024-01-19 17:00:00,TV,Bathroom,236.8,0.4,2.6,2024-01-19,17
2024-01-19 18:00:00,TV,Kitchen,224.2,1.422,9.24,2024-01-19,18
2024-01-19 19:00:00,TV,Kitchen,240.9,1.607,10.45,2024-01-19,19
2024-01-19 20:00:00,TV,Kitchen,231.1,0.702,4.56,2024-01-19,20
2024-01-19 21:00:00,TV,Living Room,239.5,1.729,11.24,2024-01-19,21
2024-01-19 22:00:00,Fan,Kitchen,228.0,1.822,11.84,2024-01-19,22
2024-01-19 23:00:00,Washing Machine,Kitchen,243.2,0.626,4.07,2024-01-19,23
2024-01-20 00:00:00,TV,Bathroom,234.0,1.969,12.8,2024-01-20,0
2024-01-20 01:00:00,Computer,Kitchen,251.8,0.367,2.39,2024-01-20,1
2024-01-20 02:00:00,Washing Machine,Kitchen,226.3,0.484,3.15,2024-01-20,2
2024-01-20 03:00:00,Washing Machine,Bedroom,232.0,0.45,2.92,2024-01-20,3
2024-01-20 04:00:00,Refrigerator,Bathroom,219.7,1.799,11.69,2024-01-20,4
2024-01-20 05:00:00,Fan,Bathroom,224.7,1.343,8.73,2024-01-20,5
2024-01-20 06:00:00,TV,Bathroom,236.2,0.389,2.53,2024-01-20,6
2024-01-20 07:00:00,Air Conditioner,Bathroom,241.3,0.937,6.09,2024-01-20,7
2024-01-20 08:00:00,Lights,Bathroom,259.7,1.269,8.25,2024-01-20,8
2024-01-20 09:00:00,Heater,Bathroom,229.0,0.259,1.68,2024-01-20,9
2024-01-20 10:00:00,Computer,Living Room,220.7,1.777,11.55,2024-01-20,10
2024-01-20 11:00:00,Air Conditioner,Kitchen,237.5,1.627,10.58,2024-01-20,11
2024-01-20 12:00:00,Fan,Bathroom,218.7,1.06,6.89,2024-01-20,12
2024-01-20 13:00:00,Lights,Kitchen,235.6,1.938,12.6,2024-01-20,13
2024-01-20 14:00:00,Fan,Kitchen,225.0,0.894,5.81,2024-01-20,14
2024-01-20 15:00:00,Computer,Living Room,232.1,1.97,12.8,2024-01-20,15
2024-01-20 16:00:00,Washing Machine,Bathroom,240.9,1.369,8.9,2024-01-20,16
2024-01-20 17:00:00,Lights,Bedroom,228.9,1.306,8.49,2024-01-20,17
2024-01-20 18:00:00,Washing Machine,Living Room,239.3,0.415,2.7,2024-01-20,18
2024-01-20 19:00:00,Computer,Bedroom,238.7,1.776,11.54,2024-01-20,19
2024-01-20 20:00:00,Air Conditioner,Kitchen,211.4,0.912,5.93,2024-01-20,20
2024-01-20 21:00:00,Computer,Kitchen,221.0,0.408,2.65,2024-01-20,21
2024-01-20 22:00:00,Air Conditioner,Living Room,214.4,0.124,0.81,2024-01-20,22
2024-01-20 23:00:00,Lights,Living Room,250.0,1.164,7.57,2024-01-20,23
2024-01-21 00:00:00,Lights,Bedroom,228.9,1.102,7.16,2024-01-21,0
2024-01-21 01:00:00,TV,Bathroom,247.8,1.467,9.54,2024-01-21,1
2024-01-21 02:00:00,Fan,Bedroom,213.7,1.791,11.64,2024-01-21,2
2024-01-21 03:00:00,TV,Living Room,224.3,0.251,1.63,2024-01-21,3
2024-01-21 04:00:00,Fan,Bedroom,238.0,1.49,9.68,2024-01-21,4
2024-01-21 05:00:00,TV,Living Room,231.8,0.456,2.96,2024-01-21,5
2024-01-21 06:00:00,Washing Machine,Bedroom,235.3,1.731,11.25,2024-01-21,6
2024-01-21 07:00:00,Lights,Living Room,217.5,1.656,10.76,2024-01-21,7
2024-01-21 08:00:00,Air Conditioner,Living Room,243.8,1.128,7.33,2024-01-21,8
2024-01-21 09:00:00,Fan,Living Room,237.8,1.449,9.42,2024-01-21,9
2024-01-21 10:00:00,Computer,Bathroom,234.0,0.697,4.53,2024-01-21,10
2024-01-21 11:00:00,Fan,Bedroom,223.1,0.995,6.47,2024-01-21,11
2024-01-21 12:00:00,Air Conditioner,Bedroom,233.2,1.661,10.8,2024-01-21,12
2024-01-21 13:00:00,TV,Bedroom,227.1,0.973,6.32,2024-01-21,13
2024-01-21 14:00:00,Fan,Living Room,213.5,0.78,5.07,2024-01-21,14
2024-01-21 15:00:00,Heater,Bedroom,229.5,1.039,6.75,2024-01-21,15
2024-01-21 16:00:00,Washing Machine,Bedroom,228.4,1.674,10.88,2024-01-21,16
2024-01-21 17:00:00,Lights,Living Room,240.6,0.737,4.79,2024-01-21,17
2024-01-21 18:00:00,Air Conditioner,Kitchen,207.7,0.43,2.8,2024-01-21,18
2024-01-21 19:00:00,Lights,Living Room,232.4,1.453,9.44,2024-01-21,19
2024-01-21 20:00:00,Heater,Bedroom,218.4,1.669,10.85,2024-01-21,20
2024-01-21 21:00:00,Fan,Living Room,233.2,0.291,1.89,2024-01-21,21
2024-01-21 22:00:00,Fan,Kitchen,233.7,0.556,3.61,2024-01-21,22
2024-01-21 23:00:00,Computer,Living Room,229.1,0.37,2.4,2024-01-21,23
2024-01-22 00:00:00,Heater,Bedroom,238.1,0.761,4.95,2024-01-22,0
2024-01-22 01:00:00,Air Conditioner,Kitchen,217.5,0.956,6.21,2024-01-22,1
2024-01-22 02:00:00,Computer,Bathroom,241.1,1.523,9.9,2024-01-22,2
2024-01-22 03:00:00,Washing Machine,Bedroom,222.9,1.337,8.69,2024-01-22,3
2024-01-22 04:00:00,Computer,Kitchen,214.4,1.28,8.32,2024-01-22,4
2024-01-22 05:00:00,Refrigerator,Kitchen,227.3,0.77,5.0,2024-01-22,5
2024-01-22 06:00:00,Air Conditioner,Bathroom,209.0,1.699,11.04,2024-01-22,6
2024-01-22 07:00:00,Refrigerator,Living Room,232.5,0.995,6.47,2024-01-22,7
2024-01-22 08:00:00,Heater,Living Room,227.4,1.96,12.74,2024-01-22,8
2024-01-22 09:00:00,TV,Bedroom,242.3,1.305,8.48,2024-01-22,9
2024-01-22 10:00:00,Refrigerator,Bathroom,236.5,0.34,2.21,2024-01-22,10
2024-01-22 11:00:00,Washing Machine,Living Room,216.1,1.385,9.0,2024-01-22,11
2024-01-22 12:00:00,Computer,Bathroom,221.6,0.718,4.67,2024-01-22,12
2024-01-22 13:00:00,TV,Living Room,235.2,1.404,9.13,2024-01-22,13
2024-01-22 14:00:00,Computer,Kitchen,238.5,0.232,1.51,2024-01-22,14
2024-01-22 15:00:00,Refrigerator,Living Room,242.2,0.432,2.81,2024-01-22,15
2024-01-22 16:00:00,Computer,Bathroom,242.1,1.726,11.22,2024-01-22,16
2024-01-22 17:00:00,Heater,Kitchen,229.1,0.532,3.46,2024-01-22,17
2024-01-22 18:00:00,TV,Kitchen,233.6,1.69,10.98,2024-01-22,18
2024-01-22 19:00:00,Heater,Kitchen,243.0,0.631,4.1,2024-01-22,19
2024-01-22 20:00:00,Refrigerator,Bathroom,227.0,1.321,8.59,2024-01-22,20
2024-01-22 21:00:00,Heater,Bedroom,233.8,1.419,9.22,2024-01-22,21
2024-01-22 22:00:00,Washing Machine,Bedroom,226.7,1.074,6.98,2024-01-22,22
2024-01-22 23:00:00,Refrigerator,Bedroom,224.5,0.68,4.42,2024-01-22,23
2024-01-23 00:00:00,Refrigerator,Bathroom,230.5,0.504,3.28,2024-01-23,0
2024-01-23 01:00:00,Refrigerator,Kitchen,223.1,0.163,1.06,2024-01-23,1
2024-01-23 02:00:00,Air Conditioner,Bedroom,228.7,0.677,4.4,2024-01-23,2
2024-01-23 03:00:00,Computer,Bathroom,219.7,1.341,8.72,2024-01-23,3
2024-01-23 04:00:00,Air Conditioner,Bedroom,228.1,1.883,12.24,2024-01-23,4
2024-01-23 05:00:00,Air Conditioner,Living Room,234.5,1.755,11.41,2024-01-23,5
2024-01-23 06:00:00,Washing Machine,Bedroom,224.1,1.556,10.11,2024-01-23,6
2024-01-23 07:00:00,TV,Bedroom,230.1,1.598,10.39,2024-01-23,7
2024-01-23 08:00:00,Computer,Kitchen,231.4,1.363,8.86,2024-01-23,8
2024-01-23 09:00:00,Heater,Bathroom,234.5,0.595,3.87,2024-01-23,9
2024-01-23 10:00:00,Fan,Kitchen,228.7,1.824,11.86,2024-01-23,10
2024-01-23 11:00:00,Refrigerator,Kitchen,240.9,1.374,8.93,2024-01-23,11
2024-01-23 12:00:00,Heater,Kitchen,209.0,1.165,7.57,2024-01-23,12
2024-01-23 13:00:00,Refrigerator,Kitchen,259.4,0.311,2.02,2024-01-23,13
2024-01-23 14:00:00,Washing Machine,Kitchen,221.3,0.949,6.17,2024-01-23,14
2024-01-23 15:00:00,Refrigerator,Bedroom,234.0,0.975,6.34,2024-01-23,15
2024-01-23 16:00:00,Air Conditioner,Kitchen,220.6,1.743,11.33,2024-01-23,16
2024-01-23 17:00:00,Computer,Kitchen,236.4,1.139,7.4,2024-01-23,17
2024-01-23 18:00:00,Fan,Bathroom,232.8,0.823,5.35,2024-01-23,18
2024-01-23 19:00:00,Lights,Living Room,223.5,1.956,12.71,2024-01-23,19
2024-01-23 20:00:00,Refrigerator,Bedroom,240.7,0.31,2.02,2024-01-23,20
2024-01-23 21:00:00,Heater,Bedroom,228.4,0.903,5.87,2024-01-23,21
2024-01-23 22:00:00,Air Conditioner,Bedroom,235.5,0.18,1.17,2024-01-23,22
2024-01-23 23:00:00,Lights,Kitchen,220.8,1.506,9.79,2024-01-23,23
2024-01-24 00:00:00,Fan,Kitchen,229.7,1.844,11.99,2024-01-24,0
2024-01-24 01:00:00,Lights,Kitchen,250.0,0.632,4.11,2024-01-24,1
2024-01-24 02:00:00,Air Conditioner,Bathroom,239.6,1.731,11.25,2024-01-24,2
2024-01-24 03:00:00,Computer,Living Room,233.1,0.655,4.26,2024-01-24,3
2024-01-24 04:00:00,Computer,Kitchen,225.5,1.83,11.9,2024-01-24,4
2024-01-24 05:00:00,TV,Living Room,230.7,1.533,9.96,2024-01-24,5
2024-01-24 06:00:00,Computer,Bathroom,232.0,1.629,10.59,2024-01-24,6
2024-01-24 07:00:00,TV,Bedroom,234.5,0.134,0.87,2024-01-24,7
2024-01-24 08:00:00,Lights,Kitchen,219.2,1.929,12.54,2024-01-24,8
2024-01-24 09:00:00,Washing Machine,Living Room,236.7,1.481,9.63,2024-01-24,9
2024-01-24 10:00:00,Heater,Living Room,219.1,0.679,4.41,2024-01-24,10
2024-01-24 11:00:00,Heater,Kitchen,246.3,1.676,10.89,2024-01-24,11
2024-01-24 12:00:00,Lights,Bedroom,222.3,0.635,4.13,2024-01-24,12
2024-01-24 13:00:00,Refrigerator,Bedroom,233.0,1.758,11.43,2024-01-24,13
2024-01-24 14:00:00,Refrigerator,Bedroom,240.1,0.314,2.04,2024-01-24,14
2024-01-24 15:00:00,Computer,Bathroom,227.5,1.437,9.34,2024-01-24,15
2024-01-24 16:00:00,Heater,Living Room,233.4,1.127,7.33,2024-01-24,16
2024-01-24 17:00:00,Heater,Living Room,244.4,0.283,1.84,2024-01-24,17
2024-01-24 18:00:00,TV,Living Room,235.6,0.56,3.64,2024-01-24,18
2024-01-24 19:00:00,Washing Machine,Bathroom,233.6,0.124,0.81,2024-01-24,19
2024-01-24 20:00:00,Air Conditioner,Living Room,213.2,0.991,6.44,2024-01-24,20
2024-01-24 21:00:00,Refrigerator,Bathroom,220.7,0.672,4.37,2024-01-24,21
2024-01-24 22:00:00,Heater,Bedroom,240.5,1.237,8.04,2024-01-24,22
2024-01-24 23:00:00,TV,Kitchen,235.7,0.665,4.32,2024-01-24,23
2024-01-25 00:00:00,Fan,Living Room,237.2,0.67,4.36,2024-01-25,0
2024-01-25 01:00:00,TV,Living Room,236.4,1.512,9.83,2024-01-25,1
2024-01-25 02:00:00,Refrigerator,Bedroom,242.9,0.191,1.24,2024-01-25,2
2024-01-25 03:00:00,Refrigerator,Kitchen,227.4,1.816,11.8,2024-01-25,3
2024-01-25 04:00:00,TV,Bathroom,231.2,1.719,11.17,2024-01-25,4
2024-01-25 05:00:00,Air Conditioner,Kitchen,219.7,1.369,8.9,2024-01-25,5
2024-01-25 06:00:00,Lights,Bedroom,217.2,1.227,7.98,2024-01-25,6
2024-01-25 07:00:00,Refrigerator,Bedroom,213.6,1.795,11.67,2024-01-25,7
2024-01-25 08:00:00,TV,Kitchen,221.1,0.452,2.94,2024-01-25,8
2024-01-25 09:00:00,Heater,Bathroom,245.5,0.25,1.62,2024-01-25,9
2024-01-25 10:00:00,TV,Bathroom,214.5,0.555,3.61,2024-01-25,10
2024-01-25 11:00:00,Washing Machine,Living Room,227.0,1.61,10.46,2024-01-25,11
2024-01-25 12:00:00,Lights,Bathroom,217.1,0.166,1.08,2024-01-25,12
2024-01-25 13:00:00,Fan,Kitchen,224.0,1.207,7.85,2024-01-25,13
2024-01-25 14:00:00,Air Conditioner,Bedroom,231.7,1.991,12.94,2024-01-25,14
2024-01-25 15:00:00,Computer,Living Room,223.0,1.726,11.22,2024-01-25,15
2024-01-25 16:00:00,Fan,Living Room,240.9,1.091,7.09,2024-01-25,16
2024-01-25 17:00:00,Lights,Bedroom,245.3,0.221,1.44,2024-01-25,17
2024-01-25 18:00:00,Lights,Bathroom,207.5,1.68,10.92,2024-01-25,18
2024-01-25 19:00:00,Lights,Bedroom,223.2,1.238,8.05,2024-01-25,19
2024-01-25 20:00:00,Fan,Bathroom,230.6,0.318,2.07,2024-01-25,20
2024-01-25 21:00:00,Heater,Bedroom,241.3,0.278,1.81,2024-01-25,21
2024-01-25 22:00:00,Lights,Kitchen,225.5,1.828,11.88,2024-01-25,22
2024-01-25 23:00:00,TV,Bathroom,229.8,1.371,8.91,2024-01-25,23
2024-01-26 00:00:00,Fan,Kitchen,218.4,1.676,10.89,2024-01-26,0
2024-01-26 01:00:00,Computer,Living Room,214.7,1.77,11.5,2024-01-26,1
2024-01-26 02:00:00,Lights,Bedroom,244.5,1.186,7.71,2024-01-26,2
2024-01-26 03:00:00,TV,Living Room,211.8,1.083,7.04,2024-01-26,3
2024-01-26 04:00:00,Heater,Living Room,253.3,0.918,5.97,2024-01-26,4
2024-01-26 05:00:00,Washing Machine,Living Room,237.3,0.702,4.56,2024-01-26,5
2024-01-26 06:00:00,Heater,Living Room,236.8,0.926,6.02,2024-01-26,6
2024-01-26 07:00:00,Computer,Bedroom,235.8,1.57,10.2,2024-01-26,7
2024-01-26 08:00:00,Lights,Living Room,227.5,1.244,8.09,2024-01-26,8
2024-01-26 09:00:00,Computer,Bedroom,233.9,1.796,11.67,2024-01-26,9
2024-01-26 10:00:00,Fan,Bedroom,228.1,0.942,6.12,2024-01-26,10
2024-01-26 11:00:00,Refrigerator,Kitchen,235.5,1.253,8.14,2024-01-26,11
2024-01-26 12:00:00,Lights,Bathroom,229.7,1.299,8.44,2024-01-26,12
2024-01-26 13:00:00,Refrigerator,Bathroom,220.5,1.224,7.96,2024-01-26,13
2024-01-26 14:00:00,TV,Bedroom,221.3,1.435,9.33,2024-01-26,14
2024-01-26 15:00:00,Washing Machine,Kitchen,220.2,0.551,3.58,2024-01-26,15
2024-01-26 16:00:00,Air Conditioner,Bedroom,239.7,1.073,6.97,2024-01-26,16
2024-01-26 17:00:00,Computer,Bedroom,223.8,0.298,1.94,2024-01-26,17
2024-01-26 18:00:00,Heater,Bedroom,210.9,0.831,5.4,2024-01-26,18
2024-01-26 19:00:00,Washing Machine,Kitchen,234.0,1.027,6.68,2024-01-26,19
2024-01-26 20:00:00,Lights,Bathroom,245.1,1.339,8.7,2024-01-26,20
2024-01-26 21:00:00,Refrigerator,Kitchen,237.7,1.906,12.39,2024-01-26,21
2024-01-26 22:00:00,Heater,Living Room,224.0,1.241,8.07,2024-01-26,22
2024-01-26 23:00:00,Refrigerator,Kitchen,214.1,1.513,9.83,2024-01-26,23
2024-01-27 00:00:00,Fan,Kitchen,228.7,1.062,6.9,2024-01-27,0
2024-01-27 01:00:00,Refrigerator,Kitchen,228.4,1.305,8.48,2024-01-27,1
2024-01-27 02:00:00,Fan,Kitchen,220.3,0.235,1.53,2024-01-27,2
2024-01-27 03:00:00,TV,Bathroom,235.5,0.583,3.79,2024-01-27,3
2024-01-27 04:00:00,Heater,Living Room,248.5,0.788,5.12,2024-01-27,4
2024-01-27 05:00:00,Heater,Bathroom,232.2,0.998,6.49,2024-01-27,5
2024-01-27 06:00:00,Air Conditioner,Bathroom,231.6,0.187,1.22,2024-01-27,6
2024-01-27 07:00:00,Lights,Kitchen,220.6,0.366,2.38,2024-01-27,7
2024-01-27 08:00:00,Fan,Bedroom,244.0,0.626,4.07,2024-01-27,8
2024-01-27 09:00:00,Air Conditioner,Bedroom,229.2,1.946,12.65,2024-01-27,9
2024-01-27 10:00:00,Refrigerator,Bathroom,224.2,0.73,4.74,2024-01-27,10
2024-01-27 11:00:00,Refrigerator,Bathroom,230.6,1.016,6.6,2024-01-27,11
2024-01-27 12:00:00,Air Conditioner,Kitchen,234.7,0.473,3.07,2024-01-27,12
2024-01-27 13:00:00,Heater,Bathroom,231.4,1.26,8.19,2024-01-27,13
2024-01-27 14:00:00,Refrigerator,Kitchen,242.1,0.633,4.11,2024-01-27,14
2024-01-27 15:00:00,Computer,Bedroom,233.8,0.493,3.2,2024-01-27,15
2024-01-27 16:00:00,TV,Bedroom,227.2,1.081,7.03,2024-01-27,16
2024-01-27 17:00:00,TV,Living Room,234.0,0.11,0.72,2024-01-27,17
2024-01-27 18:00:00,Computer,Bedroom,235.0,0.115,0.75,2024-01-27,18
2024-01-27 19:00:00,Air Conditioner,Bathroom,217.0,0.516,3.35,2024-01-27,19
2024-01-27 20:00:00,Computer,Bedroom,241.5,0.17,1.1,2024-01-27,20
2024-01-27 21:00:00,Fan,Kitchen,227.0,0.305,1.98,2024-01-27,21
2024-01-27 22:00:00,Fan,Bedroom,227.2,0.744,4.84,2024-01-27,22
2024-01-27 23:00:00,Air Conditioner,Living Room,237.5,1.625,10.56,2024-01-27,23
2024-01-28 00:00:00,Computer,Bedroom,237.5,1.187,7.72,2024-01-28,0
2024-01-28 01:00:00,Fan,Kitchen,223.0,1.074,6.98,2024-01-28,1
2024-01-28 02:00:00,Heater,Kitchen,238.0,0.658,4.28,2024-01-28,2
2024-01-28 03:00:00,Computer,Bathroom,224.4,1.87,12.16,2024-01-28,3
2024-01-28 04:00:00,Heater,Bedroom,248.2,0.854,5.55,2024-01-28,4
2024-01-28 05:00:00,Fan,Kitchen,221.7,0.265,1.72,2024-01-28,5
2024-01-28 06:00:00,TV,Living Room,232.4,1.272,8.27,2024-01-28,6
2024-01-28 07:00:00,Fan,Bathroom,222.2,0.316,2.05,2024-01-28,7
2024-01-28 08:00:00,Heater,Living Room,252.2,0.756,4.91,2024-01-28,8
2024-01-28 09:00:00,Washing Machine,Bedroom,217.6,1.064,6.92,2024-01-28,9
2024-01-28 10:00:00,Lights,Bedroom,235.2,1.761,11.45,2024-01-28,10
2024-01-28 11:00:00,Refrigerator,Bedroom,222.7,1.038,6.75,2024-01-28,11
2024-01-28 12:00:00,Computer,Bathroom,226.5,1.434,9.32,2024-01-28,12
2024-01-28 13:00:00,Washing Machine,Kitchen,234.5,1.986,12.91,2024-01-28,13
2024-01-28 14:00:00,Fan,Bathroom,242.2,0.35,2.28,2024-01-28,14
2024-01-28 15:00:00,TV,Living Room,246.2,0.622,4.04,2024-01-28,15
2024-01-28 16:00:00,Air Conditioner,Bathroom,214.6,0.85,5.52,2024-01-28,16
2024-01-28 17:00:00,Fan,Living Room,232.7,0.901,5.86,2024-01-28,17
2024-01-28 18:00:00,TV,Bathroom,244.6,0.881,5.73,2024-01-28,18
2024-01-28 19:00:00,Lights,Kitchen,213.1,1.824,11.86,2024-01-28,19
2024-01-28 20:00:00,Fan,Living Room,233.1,1.457,9.47,2024-01-28,20
2024-01-28 21:00:00,Heater,Bedroom,230.0,1.255,8.16,2024-01-28,21
2024-01-28 22:00:00,Air Conditioner,Bedroom,234.1,0.688,4.47,2024-01-28,22
2024-01-28 23:00:00,TV,Bathroom,222.3,1.665,10.82,2024-01-28,23
2024-01-29 00:00:00,TV,Bedroom,215.6,1.915,12.45,2024-01-29,0
2024-01-29 01:00:00,TV,Living Room,210.9,1.66,10.79,2024-01-29,1
2024-01-29 02:00:00,Lights,Bedroom,239.8,0.103,0.67,2024-01-29,2
2024-01-29 03:00:00,Fan,Kitchen,241.0,1.309,8.51,2024-01-29,3
2024-01-29 04:00:00,Lights,Kitchen,233.0,0.197,1.28,2024-01-29,4
2024-01-29 05:00:00,Computer,Bathroom,224.7,0.589,3.83,2024-01-29,5
2024-01-29 06:00:00,Refrigerator,Living Room,213.8,0.213,1.38,2024-01-29,6
2024-01-29 07:00:00,Refrigerator,Kitchen,235.6,1.247,8.11,2024-01-29,7
2024-01-29 08:00:00,Computer,Kitchen,219.0,1.405,9.13,2024-01-29,8
2024-01-29 09:00:00,Fan,Living Room,222.9,0.318,2.07,2024-01-29,9
2024-01-29 10:00:00,Heater,Bedroom,224.1,0.829,5.39,2024-01-29,10
2024-01-29 11:00:00,Lights,Bedroom,228.0,0.967,6.29,2024-01-29,11
2024-01-29 12:00:00,Air Conditioner,Bathroom,222.4,0.801,5.21,2024-01-29,12
2024-01-29 13:00:00,TV,Bedroom,230.3,0.33,2.14,2024-01-29,13
2024-01-29 14:00:00,TV,Living Room,223.8,0.896,5.82,2024-01-29,14
2024-01-29 15:00:00,Fan,Kitchen,237.0,1.527,9.93,2024-01-29,15
2024-01-29 16:00:00,Heater,Bedroom,240.3,0.235,1.53,2024-01-29,16
2024-01-29 17:00:00,Refrigerator,Bathroom,231.1,0.252,1.64,2024-01-29,17
2024-01-29 18:00:00,Refrigerator,Bedroom,234.6,0.774,5.03,2024-01-29,18
2024-01-29 19:00:00,TV,Living Room,251.2,1.889,12.28,2024-01-29,19
2024-01-29 20:00:00,Fan,Bathroom,218.3,1.37,8.91,2024-01-29,20
2024-01-29 21:00:00,Lights,Bedroom,217.7,1.389,9.03,2024-01-29,21
2024-01-29 22:00:00,Refrigerator,Bathroom,236.9,0.788,5.12,2024-01-29,22
2024-01-29 23:00:00,Lights,Living Room,249.5,1.228,7.98,2024-01-29,23
2024-01-30 00:00:00,Heater,Kitchen,227.4,0.119,0.77,2024-01-30,0
2024-01-30 01:00:00,Refrigerator,Living Room,247.3,1.309,8.51,2024-01-30,1
2024-01-30 02:00:00,Refrigerator,Living Room,231.0,1.835,11.93,2024-01-30,2
2024-01-30 03:00:00,Washing Machine,Living Room,223.2,1.264,8.22,2024-01-30,3
2024-01-30 04:00:00,Refrigerator,Living Room,220.1,1.76,11.44,2024-01-30,4
2024-01-30 05:00:00,Computer,Kitchen,236.3,1.476,9.59,2024-01-30,5
2024-01-30 06:00:00,Air Conditioner,Kitchen,220.9,0.329,2.14,2024-01-30,6
2024-01-30 07:00:00,Computer,Bathroom,230.8,1.815,11.8,2024-01-30,7
2024-01-30 08:00:00,Fan,Bedroom,245.8,0.226,1.47,2024-01-30,8
2024-01-30 09:00:00,Fan,Kitchen,226.9,1.115,7.25,2024-01-30,9
2024-01-30 10:00:00,Lights,Kitchen,243.1,0.37,2.4,2024-01-30,10
2024-01-30 11:00:00,Computer,Bedroom,217.9,0.122,0.79,2024-01-30,11
2024-01-30 12:00:00,Computer,Kitchen,224.7,0.902,5.86,2024-01-30,12
2024-01-30 13:00:00,Computer,Living Room,215.9,0.661,4.3,2024-01-30,13
2024-01-30 14:00:00,Heater,Living Room,230.7,1.023,6.65,2024-01-30,14
2024-01-30 15:00:00,Refrigerator,Bedroom,237.8,1.197,7.78,2024-01-30,15
2024-01-30 16:00:00,Air Conditioner,Bathroom,230.8,0.183,1.19,2024-01-30,16
2024-01-30 17:00:00,Lights,Bathroom,242.3,0.334,2.17,2024-01-30,17
2024-01-30 18:00:00,Computer,Bedroom,222.5,1.161,7.55,2024-01-30,18
2024-01-30 19:00:00,Computer,Bedroom,232.3,0.752,4.89,2024-01-30,19
2024-01-30 20:00:00,Washing Machine,Living Room,224.7,1.485,9.65,2024-01-30,20
2024-01-30 21:00:00,Lights,Bathroom,233.6,1.339,8.7,2024-01-30,21
2024-01-30 22:00:00,Computer,Kitchen,235.0,1.707,11.1,2024-01-30,22
2024-01-30 23:00:00,Lights,Living Room,235.8,1.416,9.2,2024-01-30,23
2024-01-31 00:00:00,Refrigerator,Bedroom,219.3,0.917,5.96,2024-01-31,0
